Data,Otwarcie,Najwyzszy,Najnizszy,Zamkniecie,Wolumen
2010-05-12,22.835,23.555,22.776,23.555,110429400
2010-05-13,23.424,23.678,23.163,23.358,27639140
2010-05-14,23.247,23.555,23.116,23.228,16155690
2010-05-17,22.639,23.097,22.587,22.966,14234550
2010-05-18,22.933,23.215,22.92,23.097,8779400
2010-05-19,22.914,23.018,22.632,22.632,14134870
2010-05-20,22.508,22.574,21.625,21.657,15855140
2010-05-21,21.657,22.017,21.331,22.017,8147730
2010-05-24,22.024,22.54,22.017,22.409,7173380
2010-05-25,21.925,22.24,21.461,21.592,7763430
2010-05-26,21.873,23.163,21.873,23.163,38875130
2010-05-27,22.769,23.058,22.704,22.914,3649350
2010-05-28,22.927,22.992,22.639,22.9,2532140
2010-05-31,22.639,22.9,22.443,22.9,1141880
2010-06-01,22.6,22.887,22.279,22.809,3845380
2010-06-02,22.697,22.966,22.645,22.868,3477570
2010-06-04,22.809,22.966,22.377,22.377,3400480
2010-06-07,21.985,22.409,21.985,22.246,2766100
2010-06-08,22.259,22.508,22.181,22.181,18615120
2010-06-09,22.226,22.763,22.115,22.704,3380790
2010-06-10,22.527,22.985,22.527,22.9,4976120
2010-06-11,22.861,22.933,22.73,22.835,6057810
2010-06-14,22.835,23.129,22.704,23.011,2525310
2010-06-15,22.9,23.089,22.789,23.063,4088360
2010-06-16,23.076,23.129,22.652,23.058,5049070
2010-06-17,22.868,23.162,22.835,23.136,4562820
2010-06-18,23.071,23.476,23.071,23.391,17017430
2010-06-21,23.358,23.869,23.358,23.869,5277160
2010-06-22,23.587,23.77,23.456,23.555,2710870
2010-06-23,23.489,23.686,23.437,23.489,3160490
2010-06-24,23.489,23.62,23.228,23.228,2564050
2010-06-25,23.293,23.515,23.234,23.234,3305290
2010-06-28,23.267,23.338,22.933,23.031,1064980
2010-06-29,23.031,23.084,22.835,22.9,3545890
2010-06-30,22.9,23.162,22.868,22.9,1571670
2010-07-01,22.9,23.404,22.782,23.293,3490900
2010-07-02,23.084,23.555,23.084,23.163,2624390
2010-07-05,23.176,23.241,23.031,23.037,368320
2010-07-06,23.084,23.463,23.071,23.463,716590
2010-07-07,23.168,23.489,23.129,23.424,3169460
2010-07-08,23.555,23.869,23.293,23.483,6455270
2010-07-09,23.496,23.646,23.319,23.62,648660
2010-07-12,23.555,24.34,23.45,24.34,3888050
2010-07-13,24.228,24.732,24.228,24.732,4012270
2010-07-14,24.732,24.85,24.209,24.209,1769830
2010-07-15,24.209,24.471,24.143,24.209,607550
2010-07-16,24.078,24.569,24.078,24.078,903670
2010-07-19,24.052,24.543,24.012,24.451,4019800
2010-07-20,24.406,24.451,24.143,24.215,1635510
2010-07-21,24.275,24.654,24.275,24.504,2874700
2010-07-22,24.471,24.994,24.412,24.994,3797540
2010-07-23,24.863,25.027,24.64,24.667,2131010
2010-07-26,25.06,25.491,24.811,25.4,2954790
2010-07-27,25.452,25.609,24.674,25.132,5423860
2010-07-28,25.321,25.321,24.798,24.805,1444860
2010-07-29,24.863,25.518,24.863,25.518,4198270
2010-07-30,25.517,25.818,25.354,25.779,6201820
2010-08-02,25.792,26.185,25.734,25.975,3250600
2010-08-03,25.975,26.25,25.943,26.106,2314840
2010-08-04,26.087,26.087,25.844,25.91,937530
2010-08-05,25.844,26.1,25.714,26.009,3735320
2010-08-06,26.035,26.041,25.779,25.844,930850
2010-08-09,25.747,25.844,24.883,24.994,2132520
2010-08-10,25.125,25.125,24.831,24.962,2679980
2010-08-11,24.962,25.027,24.601,24.667,1685760
2010-08-12,24.654,25.255,24.654,25.06,2003900
2010-08-13,25.465,25.714,25.211,25.381,1351900
2010-08-16,25.452,25.714,25.269,25.524,901150
2010-08-17,25.517,25.517,25.001,25.19,948160
2010-08-18,25.368,25.368,24.975,25.282,1339620
2010-08-19,25.269,25.517,25.125,25.185,1766340
2010-08-20,25.203,25.563,25.125,25.504,1960020
2010-08-23,25.78,26.427,25.727,26.285,1839650
2010-08-24,26.205,26.225,25.511,25.962,1412860
2010-08-25,25.821,26.084,25.431,25.545,1042730
2010-08-26,25.228,25.753,24.811,24.973,2183680
2010-08-27,24.838,25.148,24.838,25.148,1659860
2010-08-30,25.309,25.545,25.255,25.255,1675100
2010-08-31,25.04,25.417,24.906,25.417,2734230
2010-09-01,25.565,25.578,25.241,25.241,1769830
2010-09-02,25.437,25.538,25.215,25.215,1277860
2010-09-03,25.282,25.7,25.241,25.7,998720
2010-09-06,25.74,26.016,25.74,26.016,1437380
2010-09-07,25.78,25.902,25.586,25.78,799010
2010-09-08,25.807,26.628,25.78,26.587,3991390
2010-09-09,26.319,26.911,26.259,26.878,3191700
2010-09-10,26.595,26.918,26.548,26.655,2403790
2010-09-13,26.911,26.925,26.628,26.73,2902690
2010-09-14,26.723,26.993,26.528,26.966,3016290
2010-09-15,26.932,27.059,26.709,27.059,1836260
2010-09-16,26.83,27.046,26.791,26.791,1207570
2010-09-17,26.878,27.093,26.521,27.093,3961160
2010-09-20,26.791,27.389,26.791,27.321,1438720
2010-09-21,27.321,28.103,27.202,27.665,3732310
2010-09-22,27.53,27.827,27.47,27.665,1645350
2010-09-23,27.611,27.673,26.945,26.993,3012220
2010-09-24,26.993,27.046,26.548,26.587,5369680
2010-09-27,26.857,26.979,26.757,26.791,1037050
2010-09-28,26.791,26.918,26.541,26.864,1250770
2010-09-29,26.791,26.993,26.587,26.791,1890730
2010-09-30,26.757,27.598,26.669,27.598,3896710
2010-10-01,27.202,27.584,26.925,26.925,1595440
2010-10-04,26.993,27.294,26.871,27.294,1424240
2010-10-05,27.194,27.255,26.864,27.113,2481190
2010-10-06,27.188,27.329,26.939,27.107,1346380
2010-10-07,26.985,27.255,26.587,26.587,1340960
2010-10-08,26.669,26.911,26.259,26.42,1857350
2010-10-11,26.555,26.696,26.386,26.574,1445060
2010-10-12,26.46,26.574,26.325,26.386,1795810
2010-10-13,26.487,26.75,26.407,26.655,5500970
2010-10-14,26.723,26.791,25.943,25.948,6556060
2010-10-15,25.975,26.117,25.72,25.848,2365990
2010-10-18,25.881,25.983,25.78,25.983,1625770
2010-10-19,25.983,26.42,25.948,26.191,2908100
2010-10-20,26.01,26.319,25.848,25.948,4443470
2010-10-21,26.184,26.184,25.445,25.78,2413960
2010-10-22,25.767,25.767,25.29,25.646,2010210
2010-10-25,25.78,25.78,25.182,25.241,1466560
2010-10-26,25.241,25.343,24.844,24.906,2580420
2010-10-27,25.04,25.572,25.04,25.377,3555630
2010-10-28,25.639,26.016,25.445,25.713,2111220
2010-10-29,25.747,25.8,25.175,25.451,2274980
2010-11-02,25.578,25.686,25.511,25.613,1691860
2010-11-03,25.613,25.646,25.241,25.241,1807380
2010-11-04,25.445,25.613,25.241,25.309,3108990
2010-11-05,25.431,25.767,25.309,25.68,2263310
2010-11-08,25.713,26.023,25.458,25.774,2736490
2010-11-09,25.599,26.117,25.472,25.921,3697920
2010-11-10,25.902,25.908,25.545,25.552,2729640
2010-11-12,25.107,25.309,24.858,24.906,7318420
2010-11-15,25.241,25.263,24.205,24.387,11468100
2010-11-16,24.434,24.434,23.943,24.104,6763920
2010-11-17,24.164,25.209,24.017,24.838,7795640
2010-11-18,24.711,25.134,24.602,24.778,21440300
2010-11-19,24.952,24.952,24.589,24.589,12158790
2010-11-22,24.898,24.959,24.636,24.65,5890870
2010-11-23,24.65,24.67,24.05,24.058,9495470
2010-11-24,24.226,24.4,24.037,24.158,10379460
2010-11-25,24.232,24.34,24.064,24.151,3157510
2010-11-26,24.131,24.151,23.593,23.761,6758920
2010-11-29,24.023,24.077,23.566,23.626,4829160
2010-11-30,23.822,23.963,23.587,23.889,11039840
2010-12-01,23.956,24.536,23.842,24.4,5003260
2010-12-02,24.502,24.757,24.414,24.495,4964180
2010-12-03,24.569,24.616,24.118,24.427,1347990
2010-12-06,24.475,24.703,24.232,24.703,3471110
2010-12-07,24.542,24.771,24.508,24.771,3364160
2010-12-08,24.454,24.765,24.186,24.36,3218990
2010-12-09,24.367,24.461,24.178,24.232,3315580
2010-12-10,24.3,24.67,24.267,24.267,6005380
2010-12-13,24.448,24.549,24.36,24.468,931750
2010-12-14,24.556,24.684,24.333,24.684,2858770
2010-12-15,24.536,24.67,24.408,24.636,1349740
2010-12-16,24.596,24.697,24.267,24.306,2225000
2010-12-17,24.36,24.367,24.097,24.164,7644590
2010-12-20,24.097,24.267,23.97,24.031,2614180
2010-12-21,24.097,24.097,23.902,24.031,3059170
2010-12-22,24.104,24.104,23.983,24.01,1816930
2010-12-23,24.01,24.037,23.977,24.017,1513360
2010-12-27,24.004,24.031,23.889,23.997,801060
2010-12-28,23.963,23.997,23.895,23.929,1667970
2010-12-29,23.963,24.131,23.936,24.031,1634180
2010-12-30,24.031,24.104,23.936,23.95,910560
2010-12-31,23.949,23.963,23.639,23.93,1535110
2011-01-03,23.983,24.394,23.963,24.367,1339310
2011-01-04,24.367,24.367,23.701,23.701,2990230
2011-01-05,23.754,23.775,23.229,23.626,3055220
2011-01-07,23.693,23.693,23.297,23.626,2267440
2011-01-10,23.424,23.479,22.859,23.062,4198790
2011-01-11,23.062,23.479,22.994,23.31,3754370
2011-01-12,23.29,23.357,22.946,23.155,2526400
2011-01-13,23.29,23.31,22.428,22.954,4227520
2011-01-14,22.92,23.283,22.751,22.954,1818740
2011-01-17,23.048,23.424,22.954,23.424,3768130
2011-01-18,23.546,23.922,23.424,23.895,4632800
2011-01-19,23.916,24.05,23.337,23.56,2733790
2011-01-20,23.29,23.728,23.19,23.552,2631250
2011-01-21,23.525,23.68,23.424,23.465,1003220
2011-01-24,23.465,23.539,22.967,23.424,1904540
2011-01-25,23.324,23.519,23.122,23.317,2014590
2011-01-26,23.337,23.552,23.229,23.452,1581190
2011-01-27,23.506,23.506,23,23.054,2102550
2011-01-28,23.054,23.351,22.967,23.29,1620680
2011-01-31,23.054,23.222,22.953,23.222,2957680
2011-02-01,23.27,23.283,23.088,23.222,2441040
2011-02-02,23.249,23.411,23.041,23.351,2690830
2011-02-03,23.404,24.058,23.29,24.037,5880360
2011-02-04,24.158,24.232,23.66,23.72,3973660
2011-02-07,23.647,24.031,23.626,23.761,2922140
2011-02-08,23.889,23.889,23.701,23.788,3803130
2011-02-09,23.701,23.761,23.492,23.56,3159780
2011-02-10,23.511,23.56,23.263,23.424,3100700
2011-02-11,23.418,23.539,23.357,23.492,3549000
2011-02-14,23.546,23.62,23.256,23.357,1989570
2011-02-15,23.236,23.411,23.236,23.256,4817970
2011-02-16,23.351,23.351,23.021,23.088,5876410
2011-02-17,23.088,23.155,22.718,22.718,5008850
2011-02-18,22.751,23.222,22.751,23.102,3512780
2011-02-21,23.102,23.277,23.041,23.222,3352500
2011-02-22,23.203,23.815,23.021,23.674,5950090
2011-02-23,23.626,23.761,23.391,23.56,3664270
2011-02-24,23.324,23.862,23.304,23.492,3217440
2011-02-25,23.511,23.626,23.317,23.418,2665480
2011-02-28,23.297,23.533,23.222,23.384,3846000
2011-03-01,23.324,23.37,22.879,23.108,3357650
2011-03-02,22.954,23.035,22.765,22.826,2806660
2011-03-03,23,23.411,22.92,23.411,2728380
2011-03-04,23.485,23.829,23.364,23.56,2720300
2011-03-07,23.639,23.795,23.458,23.525,1806880
2011-03-08,23.56,23.862,23.56,23.822,2540590
2011-03-09,23.666,23.754,23.31,23.31,2504160
2011-03-10,23.304,23.424,23.115,23.155,2366990
2011-03-11,23.054,23.141,22.826,23.021,3330370
2011-03-14,22.92,23.088,22.92,23.088,2511750
2011-03-15,23.021,23.075,22.832,23.013,3040850
2011-03-16,23.424,23.626,22.785,22.866,3349700
2011-03-17,22.906,23.742,22.832,23.626,6733200
2011-03-18,23.626,24.394,23.573,24.394,9084580
2011-03-21,24.367,24.367,24.058,24.131,3618190
2011-03-22,24.097,24.097,23.707,23.761,2178550
2011-03-23,23.761,24.097,23.633,23.977,1678490
2011-03-24,23.862,23.95,23.626,23.693,1872850
2011-03-25,23.707,23.922,23.56,23.728,1542960
2011-03-28,23.693,24.151,23.693,24.138,2232460
2011-03-29,24.138,24.327,23.929,23.963,4271460
2011-03-30,24.017,24.232,23.606,23.606,3075440
2011-03-31,23.795,23.963,23.674,23.963,3948480
2011-04-01,24.05,24.596,24.031,24.36,10670680
2011-04-04,24.502,24.562,24.373,24.502,2302000
2011-04-05,24.434,24.569,24.434,24.536,1363010
2011-04-06,24.569,24.838,24.536,24.703,6784770
2011-04-07,24.703,24.898,24.636,24.838,3589950
2011-04-08,24.838,24.892,24.367,24.536,4272360
2011-04-11,24.569,24.623,24.434,24.522,1950510
2011-04-12,24.434,24.636,24.333,24.481,3542300
2011-04-13,24.636,24.73,24.448,24.536,4771840
2011-04-14,24.475,24.582,24.34,24.468,4595250
2011-04-15,24.536,24.623,24.381,24.508,3228140
2011-04-18,24.536,24.623,24.199,24.199,3700320
2011-04-19,24.199,24.502,24.199,24.367,3751880
2011-04-20,24.488,24.616,24.441,24.441,4202080
2011-04-21,24.569,24.616,24.4,24.461,3495080
2011-04-26,24.461,24.689,24.461,24.623,2529370
2011-04-27,24.656,24.825,24.582,24.805,4708550
2011-04-28,24.778,25.241,24.778,25.175,6072460
2011-04-29,25.241,25.303,24.999,25.107,1713610
2011-05-02,25.175,25.41,25.107,25.309,2324810
2011-05-04,25.034,25.39,24.738,24.973,5647940
2011-05-05,24.906,25.087,24.906,24.986,4951020
2011-05-06,25.074,25.269,24.993,25.175,7142320
2011-05-09,25.241,25.363,24.738,24.738,1614150
2011-05-10,24.805,25.343,24.805,25.276,6597900
2011-05-11,25.269,25.868,25.249,25.848,6311750
2011-05-12,25.774,25.956,25.619,25.915,8781680
2011-05-13,25.915,26.38,25.868,26.245,3395390
2011-05-16,25.983,26.454,25.72,26.454,2717830
2011-05-17,26.252,26.252,25.78,25.78,3170950
2011-05-18,25.834,25.97,25.195,25.195,3643750
2011-05-19,25.578,26.184,25.518,25.787,5474770
2011-05-20,25.861,26.38,25.861,26.252,3775700
2011-05-23,25.915,26.225,25.807,26.225,2945680
2011-05-24,25.929,26.319,25.848,26.285,3637980
2011-05-25,26.225,26.764,26.057,26.709,4040010
2011-05-26,26.783,26.83,26.332,26.433,4713180
2011-05-27,26.433,26.487,26.151,26.252,3198870
2011-05-30,26.386,26.386,26.103,26.178,943680
2011-05-31,26.245,26.319,26.13,26.184,3967780
2011-06-01,26.373,26.446,26.191,26.252,3629240
2011-06-02,26.117,26.487,26.103,26.319,1428200
2011-06-03,26.319,26.441,26.062,26.252,2710160
2011-06-06,26.259,26.473,26.259,26.353,1508220
2011-06-07,26.359,26.521,26.238,26.292,2892490
2011-06-08,26.292,26.38,25.902,25.983,4602860
2011-06-09,24.656,25.04,24.656,25.006,24649010
2011-06-10,25.006,25.209,24.792,25.04,17150710
2011-06-13,25.148,25.545,25.054,25.255,3514730
2011-06-14,25.472,25.875,25.445,25.78,8442280
2011-06-15,25.713,25.713,25.445,25.578,3288220
2011-06-16,25.511,25.975,25.343,25.935,7116870
2011-06-17,25.78,26.138,25.78,26.117,6872430
2011-06-20,26.043,26.117,25.78,25.983,3811790
2011-06-21,25.962,25.97,25.485,25.848,4293230
2011-06-22,25.821,25.841,25.383,25.383,4984330
2011-06-24,25.39,25.713,25.343,25.578,2352910
2011-06-27,25.445,25.559,24.959,25.511,2600840
2011-06-28,25.377,25.7,25.263,25.7,3949380
2011-06-29,25.652,25.894,25.605,25.78,3284090
2011-06-30,25.808,25.894,25.241,25.241,7402960
2011-07-01,25.276,25.613,25.276,25.613,1554540
2011-07-04,25.767,25.767,25.417,25.646,2192660
2011-07-05,25.7,25.713,25.445,25.7,3192210
2011-07-06,25.586,25.68,25.316,25.369,1984780
2011-07-07,25.504,25.68,25.343,25.559,1538000
2011-07-08,25.572,25.619,25.276,25.377,1190310
2011-07-11,25.377,25.445,25.04,25.182,3170180
2011-07-12,25.013,25.154,24.844,24.973,4438940
2011-07-13,25.04,25.236,24.973,25.127,2482150
2011-07-14,25.127,25.175,24.933,25.175,2307160
2011-07-15,24.979,25.134,24.933,25.04,3265870
2011-07-18,24.919,25.04,24.636,24.684,2215260
2011-07-19,24.778,25.006,24.771,24.906,2301620
2011-07-20,24.966,25.175,24.919,24.986,3585260
2011-07-21,24.946,25.161,24.738,25.027,3472540
2011-07-22,25.107,25.377,24.973,25.363,1482530
2011-07-25,25.323,25.498,25.127,25.445,1330350
2011-07-26,25.538,25.538,25.134,25.532,1048010
2011-07-27,25.343,25.477,25.047,25.249,872000
2011-07-28,25.061,25.504,25.006,25.445,2139310
2011-07-29,25.336,25.511,25.195,25.511,2459420
2011-08-01,25.518,25.68,25.423,25.445,2407620
2011-08-02,25.241,25.437,25.188,25.437,2085700
2011-08-03,25.04,25.209,24.609,24.636,6518530
2011-08-04,24.73,25.02,23.997,24.097,5657770
2011-08-05,23.424,24.245,23.424,23.701,8212290
2011-08-08,23.552,23.902,23.168,23.552,6647430
2011-08-09,23.693,23.977,22.078,22.711,10917460
2011-08-10,22.986,23.357,21.479,21.688,8253440
2011-08-11,22.112,22.879,21.001,22.624,8592660
2011-08-12,22.684,23.222,22.415,23.222,6228440
2011-08-16,23.895,23.902,23.054,23.795,4073900
2011-08-17,23.56,23.747,23.256,23.492,4947510
2011-08-18,23.472,23.479,21.54,22.483,5276240
2011-08-19,22.408,22.818,21.674,22.55,5108750
2011-08-22,22.347,22.697,22.22,22.637,2846400
2011-08-23,22.718,22.879,21.944,22.193,4011710
2011-08-24,22.475,22.758,22.22,22.651,4326140
2011-08-25,23.021,23.404,22.146,22.483,6247690
2011-08-26,22.583,22.61,21.876,22.017,4379190
2011-08-29,22.334,23.29,22.213,23.29,2824400
2011-08-30,23.344,23.552,23.19,23.546,4632720
2011-08-31,23.56,23.956,23.56,23.895,12037690
2011-09-01,23.895,23.895,23.357,23.829,2604470
2011-09-02,23.592,23.693,23.115,23.458,4276070
2011-09-05,23.216,23.344,22.886,22.954,3324170
2011-09-06,22.926,23.283,22.071,22.55,7429340
2011-09-07,22.826,23.626,22.758,23.492,4987530
2011-09-08,23.547,23.829,23.331,23.795,3581440
2011-09-09,23.565,23.742,22.617,22.617,4083540
2011-09-12,22.415,22.954,22.132,22.954,5160930
2011-09-13,23.122,23.452,22.839,22.886,4585910
2011-09-14,22.832,23.344,22.684,23.243,4187480
2011-09-15,23.29,23.68,22.765,23.344,5792050
2011-09-16,23.424,23.424,23.168,23.29,4180480
2011-09-19,23.277,23.411,22.839,23.411,3233080
2011-09-20,23.411,23.552,23.19,23.19,3077970
2011-09-21,23.424,23.552,23.236,23.351,3887820
2011-09-22,23.154,23.29,22.078,22.51,5900660
2011-09-23,22.55,22.973,21.607,22.872,5717990
2011-09-26,22.542,23.022,22.483,22.745,5313990
2011-09-27,23.154,23.331,22.994,23.141,8739920
2011-09-28,23.317,23.441,22.596,23.15,5361220
2011-09-29,23.01,23.302,22.793,23.156,5856800
2011-09-30,23.025,23.141,22.581,22.938,5026370
2011-10-03,22.5,22.793,22.181,22.21,4215940
2011-10-04,21.991,21.991,20.614,21.423,8264840
2011-10-05,21.773,21.773,21.263,21.773,2941670
2011-10-06,21.845,22.428,21.525,22.05,5026740
2011-10-07,22.246,22.712,22.028,22.318,5515540
2011-10-10,22.5,23.302,22.355,23.295,3797240
2011-10-11,23.302,23.433,22.953,23.09,3938070
2011-10-12,23.302,23.593,22.938,23.2,3092160
2011-10-13,23.222,23.345,22.647,22.647,3052500
2011-10-14,22.727,23.003,22.297,22.866,2524880
2011-10-17,22.938,23.411,22.537,22.866,2326360
2011-10-18,22.705,22.866,22.5,22.857,1649970
2011-10-19,22.894,23.266,22.866,23.266,2204310
2011-10-20,23.193,23.404,22.938,22.974,3860970
2011-10-21,23.084,23.477,23.084,23.433,2253540
2011-10-24,23.433,24.38,23.375,23.994,3482410
2011-10-25,24.278,24.314,23.528,24.176,2583290
2011-10-26,24.031,24.103,23.521,23.542,3310920
2011-10-27,24.213,24.613,23.958,24.591,4031050
2011-10-28,24.591,24.737,24.474,24.598,2884310
2011-10-31,24.446,24.817,24.3,24.576,5299230
2011-11-02,24.103,24.576,24.088,24.395,2910800
2011-11-03,24.103,25.021,24.103,24.976,2312600
2011-11-04,25.013,25.013,24.395,24.606,3373890
2011-11-07,24.54,24.854,24.249,24.51,2167870
2011-11-08,24.293,24.621,24.118,24.387,6563680
2011-11-09,24.401,24.424,23.375,23.375,3649160
2011-11-10,23.287,23.302,22.872,22.974,5571340
2011-11-14,23.703,24.001,22.938,23.156,3030910
2011-11-15,23.272,23.411,22.894,23.01,2492800
2011-11-16,23.302,23.593,23.01,23.593,3282890
2011-11-17,23.266,23.593,23.099,23.375,2652200
2011-11-18,23.164,23.703,23.164,23.521,2848450
2011-11-21,23.229,23.557,23.229,23.396,3279150
2011-11-22,23.396,23.638,23.084,23.084,2245360
2011-11-23,23.076,23.447,22.29,22.632,2778850
2011-11-24,22.632,22.829,22.45,22.647,3752310
2011-11-25,22.603,22.785,22.217,22.639,2663070
2011-11-28,22.793,22.851,22.428,22.574,4002250
2011-11-29,22.45,23.114,22.45,22.596,3669180
2011-11-30,22.843,23.259,22.647,23.259,7810170
2011-12-01,23.229,23.426,23.048,23.36,2431220
2011-12-02,23.433,24.111,23.353,23.674,3015710
2011-12-05,23.885,24.052,23.761,24.031,1858680
2011-12-06,23.87,24.125,23.506,23.79,3788570
2011-12-07,23.739,23.885,23.164,23.717,2677040
2011-12-08,23.484,23.805,22.647,22.647,2722550
2011-12-09,22.53,23.025,22.37,23.025,5225280
2011-12-12,22.902,22.902,22.327,22.676,2888380
2011-12-13,22.647,23.193,22.5,22.931,3401860
2011-12-14,22.938,23.251,22.669,22.705,2816850
2011-12-15,22.908,22.989,22.537,22.72,3401260
2011-12-16,22.785,22.931,22.5,22.581,6790040
2011-12-19,22.632,22.866,22.21,22.56,1567640
2011-12-20,22.392,22.77,22.166,22.748,2132050
2011-12-21,22.617,22.894,22.458,22.647,1264470
2011-12-22,22.574,22.683,22.363,22.5,1469440
2011-12-23,22.5,22.683,22.5,22.683,1259070
2011-12-27,22.69,22.778,22.588,22.72,1650930
2011-12-28,22.61,22.763,22.5,22.574,1368370
2011-12-29,22.647,22.778,22.45,22.574,2062700
2011-12-30,22.866,22.866,22.5,22.5,2968340
2012-01-02,22.545,22.857,22.545,22.756,1924520
2012-01-03,22.857,22.974,22.617,22.974,4303940
2012-01-04,22.8,22.887,22.341,22.37,5550430
2012-01-05,22.53,22.756,22.137,22.756,3070270
2012-01-09,22.793,22.843,22.435,22.464,2101460
2012-01-10,22.5,22.697,22.348,22.443,3352320
2012-01-11,22.443,22.53,22.21,22.318,2275280
2012-01-12,22.318,22.821,22.282,22.61,2920170
2012-01-13,22.77,22.793,22.246,22.355,1997290
2012-01-16,22.428,22.793,22.355,22.617,2633400
2012-01-17,22.8,23.251,22.756,23.141,4850800
2012-01-18,23.229,23.36,22.806,22.938,2632560
2012-01-19,23.084,23.375,22.887,23.375,4708230
2012-01-20,23.229,23.811,23.099,23.811,2685830
2012-01-23,23.447,23.841,23.251,23.302,3663600
2012-01-24,23.368,23.549,23.229,23.447,1918650
2012-01-25,23.498,23.739,23.345,23.587,1359820
2012-01-26,23.644,24.758,23.593,24.395,5652130
2012-01-27,24.395,24.686,24.255,24.621,3498570
2012-01-30,24.54,24.649,24.118,24.255,1977480
2012-01-31,24.467,24.729,24.329,24.329,2584470
2012-02-01,24.264,25.093,24.264,24.845,2092210
2012-02-02,25.123,25.123,24.7,25.013,2233190
2012-02-03,24.976,25.304,24.854,25.304,2589480
2012-02-06,25.123,25.342,25.013,25.342,2203530
2012-02-07,25.21,25.342,24.933,25.196,3087070
2012-02-08,24.868,25.407,24.868,25.173,2750810
2012-02-09,24.285,25.268,24.285,24.729,6861000
2012-02-10,24.758,24.766,24.409,24.504,3700950
2012-02-13,24.686,24.752,24.547,24.649,1526260
2012-02-14,24.758,25.123,24.547,24.758,2732340
2012-02-15,24.976,25.006,24.621,24.752,7772690
2012-02-16,24.686,24.897,24.497,24.497,2057890
2012-02-17,24.839,24.962,24.773,24.831,3632150
2012-02-20,24.962,25.036,24.779,24.976,1973910
2012-02-21,25.123,25.123,24.729,24.729,3802670
2012-02-22,24.766,24.89,24.576,24.758,2909980
2012-02-23,24.497,24.831,24.467,24.467,2652950
2012-02-24,24.686,24.758,24.467,24.467,1888880
2012-02-27,24.431,24.686,24.395,24.686,1747850
2012-02-28,24.649,24.752,24.118,24.321,2182360
2012-02-29,24.504,24.598,24.103,24.387,3811750
2012-03-01,24.176,24.255,23.703,24.103,3095680
2012-03-02,24.081,24.103,23.71,23.994,3224390
2012-03-05,23.885,24.031,23.6,23.943,1521190
2012-03-06,23.739,24.031,23.665,23.98,2653480
2012-03-07,23.98,24.176,23.71,23.885,2037410
2012-03-08,23.811,24.249,23.754,24.249,2299130
2012-03-09,24.162,24.395,23.958,24.031,1200750
2012-03-12,24.176,24.176,23.783,24.023,855050
2012-03-13,23.965,24.031,23.811,23.921,2074100
2012-03-14,23.943,24.525,23.943,24.51,5372020
2012-03-15,24.51,24.664,24.045,24.373,4532750
2012-03-16,24.27,24.518,24.154,24.176,5209850
2012-03-19,24.314,24.373,24.037,24.059,10581160
2012-03-20,24.067,24.249,23.629,23.638,3421750
2012-03-21,23.665,23.739,23.229,23.295,5777420
2012-03-22,23.368,23.368,22.8,23.01,4952920
2012-03-23,23.193,23.593,23.156,23.593,5410310
2012-03-26,23.498,23.644,23.28,23.593,1779620
2012-03-27,23.725,24.031,23.629,23.811,3952810
2012-03-28,23.849,23.965,23.615,23.739,2242590
2012-03-29,23.629,23.717,23.353,23.557,3835380
2012-03-30,23.549,23.725,23.419,23.666,3063260
2012-04-02,23.557,23.862,23.382,23.593,2613740
2012-04-03,23.652,23.761,23.375,23.506,2068510
2012-04-04,23.411,23.593,23.309,23.375,2337650
2012-04-05,23.368,23.433,23.244,23.244,1993960
2012-04-10,22.938,23.302,22.793,22.953,1906240
2012-04-11,22.953,23.084,22.785,23.084,2092840
2012-04-12,23.12,23.368,22.945,23.331,1824350
2012-04-13,23.368,23.368,22.974,23.018,2453600
2012-04-16,23.025,23.135,22.843,23.063,2472020
2012-04-17,23.018,23.207,22.938,23.09,2255430
2012-04-18,23.12,23.15,22.763,22.763,2952970
2012-04-19,22.793,22.974,22.72,22.72,2337270
2012-04-20,22.734,22.887,22.654,22.727,2050250
2012-04-23,22.989,23.039,22.617,22.756,1714520
2012-04-24,22.974,23.003,22.683,22.756,3220490
2012-04-25,22.763,23.186,22.727,23.01,2593320
2012-04-26,23.01,23.469,23.01,23.272,3865370
2012-04-27,23.266,23.629,23.084,23.629,1757030
2012-04-30,23.63,23.652,23.215,23.215,1229680
2012-05-02,23.338,23.338,23.01,23.156,1601670
2012-05-04,23.156,23.375,23.12,23.375,3596270
2012-05-07,23.164,23.331,23.084,23.331,1039210
2012-05-08,23.156,23.375,22.938,22.938,2070330
2012-05-09,23.048,23.207,22.72,22.727,2913800
2012-05-10,22.836,23.193,22.727,23.193,1885200
2012-05-11,23.15,23.28,22.829,23.28,913180
2012-05-14,23.215,23.215,22.712,22.727,1628430
2012-05-15,22.778,22.866,22.355,22.355,2429510
2012-05-16,22.341,22.72,21.86,22.712,3667550
2012-05-17,22.705,22.705,22.028,22.028,3199460
2012-05-18,21.605,22.21,21.605,22.086,1316970
2012-05-21,22.21,22.793,22.145,22.793,1053310
2012-05-22,22.866,22.866,22.188,22.282,2634280
2012-05-23,22.195,22.282,21.874,21.883,1999130
2012-05-24,21.991,22.05,21.125,21.773,4575270
2012-05-25,21.955,22.21,21.569,21.7,1717290
2012-05-28,21.773,22.166,21.773,21.991,837310
2012-05-29,22.006,22.122,21.504,21.991,2257610
2012-05-30,21.991,21.991,21.386,21.664,3860500
2012-05-31,21.627,22.05,21.358,21.555,3198350
2012-06-01,21.62,21.641,21.278,21.547,2610290
2012-06-04,21.474,21.686,21.27,21.671,1026850
2012-06-05,21.678,21.729,21.27,21.27,1660290
2012-06-06,21.474,21.845,21.344,21.845,3487690
2012-06-08,21.845,22.778,21.641,22.647,4531070
2012-06-11,22.683,23.287,22.581,23.076,3236770
2012-06-12,22.938,23.521,22.938,23.447,4498990
2012-06-13,23.447,23.535,23.156,23.156,1576780
2012-06-14,23.2,23.295,23.105,23.266,2279720
2012-06-15,23.266,23.811,23.171,23.71,13648880
2012-06-18,23.958,23.958,23.426,23.521,3234780
2012-06-19,23.521,23.958,23.521,23.958,4094060
2012-06-20,23.885,23.958,23.629,23.79,3139770
2012-06-21,23.665,23.943,23.578,23.768,2498740
2012-06-22,23.695,23.768,23.528,23.761,1204290
2012-06-25,23.6,23.652,23.345,23.345,2395750
2012-06-26,23.375,23.665,23.317,23.411,2014860
2012-06-27,23.564,24.147,23.447,24.147,2909850
2012-06-28,24.103,24.103,23.775,23.994,4827150
2012-06-29,24.125,24.358,24.031,24.321,2846250
2012-07-02,24.052,24.358,23.739,23.739,817370
2012-07-03,23.811,24.031,23.739,23.811,1685560
2012-07-04,23.95,24.001,23.638,23.811,1110700
2012-07-05,23.885,24.168,23.739,23.958,2783770
2012-07-06,24.031,24.031,23.811,23.994,1716070
2012-07-09,23.834,23.965,23.68,23.921,2341170
2012-07-10,23.921,24.031,23.775,24.031,2144780
2012-07-11,23.965,24.168,23.79,23.921,2569060
2012-07-12,23.849,24.016,23.695,23.768,3064590
2012-07-13,23.95,24.424,23.811,24.321,3339730
2012-07-16,24.314,24.54,24.204,24.321,2122390
2012-07-17,24.321,24.446,24.111,24.321,2059310
2012-07-18,24.395,24.904,24.19,24.904,5749970
2012-07-19,24.911,25.369,24.809,25.196,5168360
2012-07-20,25.268,25.363,24.904,25.042,4376960
2012-07-23,24.467,24.686,24.198,24.198,2304420
2012-07-24,24.198,24.722,24.198,24.533,3933880
2012-07-25,24.504,24.882,24.395,24.576,2768410
2012-07-26,24.649,25.181,24.649,24.649,3098220
2012-07-27,24.897,25.458,24.89,25.378,3603460
2012-07-30,25.378,26.105,25.297,26.105,3727320
2012-07-31,25.917,25.959,25.611,25.778,4248570
2012-08-01,25.632,25.836,25.276,25.414,1682420
2012-08-02,25.342,25.56,25.232,25.342,1800990
2012-08-03,25.268,26.105,25.268,26.069,1560220
2012-08-06,25.997,26.564,25.923,26.404,2020430
2012-08-07,26.469,26.477,26.07,26.419,1564910
2012-08-08,26.193,26.47,26.156,26.47,1154150
2012-08-09,26.507,26.943,26.484,26.936,4764860
2012-08-10,26.797,27.045,26.6,26.79,2160620
2012-08-13,26.615,27.082,26.455,26.725,1888580
2012-08-14,26.827,26.87,26.579,26.71,1493480
2012-08-16,26.928,27.154,26.74,26.848,5172240
2012-08-17,26.797,27.045,26.579,26.579,1445530
2012-08-20,26.579,26.725,25.952,26.105,6828350
2012-08-21,26.215,26.324,26.113,26.251,4903830
2012-08-22,26.178,26.178,25.632,25.778,9245640
2012-08-23,25.923,26.062,25.727,26.062,1374650
2012-08-24,25.88,26.397,25.88,26.361,6752640
2012-08-27,26.361,26.498,26.15,26.251,3499400
2012-08-28,26.337,26.547,26.103,26.119,3463600
2012-08-29,26.476,26.586,25.638,26.01,5294470
2012-08-30,25.996,26.313,25.786,26.096,2300560
2012-08-31,26.049,26.958,26.026,26.826,5133620
2012-09-03,26.616,26.702,26.259,26.259,1774880
2012-09-04,26.266,26.515,26.103,26.103,3109100
2012-09-05,26.135,26.779,26.135,26.756,1902880
2012-09-06,26.787,27.238,26.748,26.865,7850290
2012-09-07,26.996,27.02,26.748,27.02,1878420
2012-09-10,26.895,27.176,26.826,27.082,2386480
2012-09-11,27.16,27.4,26.989,27.4,1571170
2012-09-12,27.408,28.022,27.33,27.897,3784200
2012-09-13,27.874,28.099,27.718,27.913,2298190
2012-09-14,28.176,28.316,27.951,28.208,2639530
2012-09-17,28.185,28.208,27.835,27.897,2134440
2012-09-18,27.897,28.302,27.812,28.302,1352450
2012-09-19,28.263,28.48,27.858,27.858,3857240
2012-09-20,27.843,28.099,27.75,27.951,2762470
2012-09-21,27.944,28.332,27.726,28.224,4956390
2012-09-24,27.975,28.254,27.874,28.215,1776640
2012-09-25,28.185,28.573,28.099,28.176,3387180
2012-09-26,27.951,28.169,27.828,27.874,4400700
2012-09-27,27.936,28.224,27.688,28.224,3835900
2012-09-28,28.029,28.208,27.851,27.951,2535750
2012-10-01,27.951,28.409,27.843,28.409,1818570
2012-10-02,28.394,28.611,28.254,28.457,2524300
2012-10-03,28.34,28.697,28.263,28.418,2006810
2012-10-04,28.573,28.697,28.145,28.145,1654870
2012-10-05,28.418,28.876,28.224,28.79,2319040
2012-10-08,28.682,29.652,28.611,29.272,3697860
2012-10-09,29.201,29.56,28.821,29.116,3361500
2012-10-10,29.116,29.644,28.774,29.427,2025570
2012-10-11,29.35,29.722,29.287,29.66,1397760
2012-10-12,29.652,29.815,29.35,29.699,3212830
2012-10-15,29.583,29.738,29.388,29.505,1658450
2012-10-16,29.738,29.738,29.201,29.233,3547870
2012-10-17,29.193,29.505,28.883,29.505,3686210
2012-10-18,29.496,29.574,29.303,29.505,1594060
2012-10-19,29.496,29.496,29.132,29.132,1868760
2012-10-22,29.132,29.35,29.093,29.193,2121620
2012-10-23,29.193,29.482,28.922,28.922,1550600
2012-10-24,28.844,29.311,28.844,29.109,1396670
2012-10-25,28.961,29.318,28.961,29.318,1469630
2012-10-26,29.155,29.155,28.658,28.798,1474130
2012-10-29,28.619,29.116,28.496,29.109,1082310
2012-10-30,28.922,29.35,28.922,29.116,849730
2012-10-31,29.193,29.482,28.961,28.961,1138100
2012-11-02,29.193,29.901,29.054,29.854,3785470
2012-11-05,29.505,30.257,29.357,30.102,2452840
2012-11-06,30.047,30.095,29.605,29.652,1706420
2012-11-07,29.66,29.994,29.551,29.815,2057290
2012-11-08,29.854,30.196,29.66,30.125,2501150
2012-11-09,29.986,30.164,29.893,30.047,1782100
2012-11-12,29.994,30.241,29.745,29.97,1909850
2012-11-13,29.869,30.118,29.738,29.97,2108380
2012-11-14,30.125,30.514,29.97,30.203,3583890
2012-11-15,29.893,30.273,29.861,30.125,1541420
2012-11-16,30.196,30.234,29.979,30.008,1018750
2012-11-19,30.008,30.234,30.008,30.15,1243850
2012-11-20,30.157,30.273,30.056,30.203,1526490
2012-11-21,30.125,30.436,30.095,30.428,3472390
2012-11-22,30.413,30.576,30.312,30.312,2159410
2012-11-23,30.281,30.653,30.281,30.653,1456840
2012-11-26,30.482,30.802,30.289,30.289,1926060
2012-11-27,30.592,30.731,30.406,30.661,1798970
2012-11-28,30.599,30.786,29.893,29.979,3944380
2012-11-29,30.203,30.421,29.901,29.901,2667060
2012-11-30,29.97,30.646,29.496,30.646,2916240
2012-12-03,30.584,30.964,30.436,30.825,1949040
2012-12-04,30.7,31.057,30.669,31.05,1424370
2012-12-05,31.057,31.911,30.98,31.911,3076750
2012-12-06,31.841,32.067,31.523,32.067,2655260
2012-12-07,31.989,31.989,31.368,31.368,1714530
2012-12-10,31.057,31.484,30.902,31.446,2698820
2012-12-11,31.446,31.585,31.111,31.523,2556200
2012-12-12,31.74,32.136,31.492,32.067,2554420
2012-12-13,31.911,32.206,31.756,32.121,1066780
2012-12-14,32.105,32.602,31.957,32.602,1632580
2012-12-17,32.533,33.153,32.47,33.153,2285060
2012-12-18,33.231,33.611,32.936,33.611,3135740
2012-12-19,33.62,34,33.472,33.844,4584960
2012-12-20,33.581,34.279,32.765,33.123,5644650
2012-12-21,32.843,33.946,32.479,33.946,6201570
2012-12-27,33.767,34.163,33.558,33.79,1016290
2012-12-28,33.775,34.046,33.565,33.93,1322080
2013-01-02,34.171,34.318,33.62,34.163,1220290
2013-01-03,33.946,34.147,33.666,33.969,1723950
2013-01-04,33.62,33.775,32.618,32.843,2756100
2013-01-07,32.804,32.905,32.113,32.285,3055440
2013-01-08,32.105,32.719,31.95,32.533,2145650
2013-01-09,32.602,32.921,32.392,32.921,1024200
2013-01-10,32.89,32.998,32.222,32.533,2564810
2013-01-11,32.742,32.742,31.717,31.943,2132020
2013-01-14,32.098,32.098,30.825,30.972,3796790
2013-01-15,30.832,31.027,30.56,30.669,3057140
2013-01-16,30.669,31.601,30.514,31.601,6071070
2013-01-17,31.601,31.671,31.166,31.289,2558420
2013-01-18,31.523,31.593,31.251,31.289,3012460
2013-01-21,31.289,31.57,31.127,31.538,1771130
2013-01-22,31.593,31.756,31.461,31.709,1294140
2013-01-23,31.694,32.067,31.237,31.431,3904730
2013-01-24,31.298,31.834,31.111,31.748,3256140
2013-01-25,31.523,31.904,31.135,31.368,2568250
2013-01-28,31.289,31.446,30.909,31.446,1182860
2013-01-29,31.454,31.523,30.988,31.399,2264540
2013-01-30,31.368,31.578,31.072,31.135,1869370
2013-01-31,31.042,31.756,30.918,31.64,2674720
2013-02-01,31.679,31.95,31.484,31.663,1359650
2013-02-04,31.834,31.95,31.135,31.135,1393580
2013-02-05,31.368,31.368,30.909,31.251,2979930
2013-02-06,31.368,31.368,30.918,31.003,2089770
2013-02-07,30.972,31.321,30.925,31.057,2132650
2013-02-08,31.329,31.733,31.003,31.701,3081460
2013-02-11,31.709,31.973,31.617,31.834,1239390
2013-02-12,31.756,32.136,31.609,31.818,1536640
2013-02-13,31.834,32.098,31.686,31.834,1269390
2013-02-14,31.834,31.911,31.407,31.438,1008750
2013-02-15,31.415,31.826,31.314,31.795,838710
2013-02-18,31.787,31.973,31.679,31.811,712140
2013-02-19,31.701,32.051,31.701,32.051,1233370
2013-02-20,32.067,32.175,31.679,31.717,1491600
2013-02-21,31.578,31.679,31.158,31.671,1656320
2013-02-22,31.656,31.756,31.321,31.748,1048100
2013-02-25,31.857,32.028,31.531,31.911,1893680
2013-02-26,31.454,31.725,31.329,31.329,2280720
2013-02-27,31.415,31.446,31.08,31.213,1982090
2013-02-28,31.392,31.422,31.072,31.282,2678590
2013-03-01,31.213,31.476,31.15,31.461,2216500
2013-03-04,31.237,31.64,31.237,31.499,1106830
2013-03-05,31.648,31.989,31.476,31.918,1887790
2013-03-06,31.989,32.89,31.966,32.874,4763950
2013-03-07,32.843,33.464,32.719,33.386,2926680
2013-03-08,33.386,33.611,33.006,33.108,2314640
2013-03-11,33.099,33.224,32.742,32.765,1519880
2013-03-12,32.882,32.882,32.479,32.586,2805760
2013-03-13,32.377,32.424,32.144,32.206,10147740
2013-03-14,32.206,32.455,32.206,32.338,4719530
2013-03-15,32.3,32.424,32.222,32.261,8151430
2013-03-18,32.144,32.377,31.499,31.686,3851460
2013-03-19,31.818,32.028,31.632,31.709,1791170
2013-03-20,31.927,32.253,31.779,31.918,3013000
2013-03-21,32.214,32.214,31.679,31.717,4380510
2013-03-22,31.74,31.756,31.376,31.484,1791490
2013-03-25,31.64,31.717,31.135,31.135,1841570
2013-03-26,31.344,31.795,31.057,31.725,2109590
2013-03-27,31.725,31.95,31.368,31.57,1648600
2013-03-28,31.368,31.671,31.289,31.368,1407940
2013-04-02,31.756,31.756,31.057,31.515,1163570
2013-04-03,31.244,31.461,30.825,30.98,2015460
2013-04-04,31.057,31.135,30.685,30.886,1894990
2013-04-05,30.902,31.499,30.754,31.05,3664720
2013-04-08,31.368,31.756,31.244,31.446,4140380
2013-04-09,31.694,31.904,31.314,31.392,3781120
2013-04-10,31.663,31.88,31.454,31.694,5170930
2013-04-11,31.679,32.572,31.679,32.572,2603870
2013-04-12,32.572,33.021,32.416,32.874,3224020
2013-04-15,32.835,32.866,32.183,32.285,4269360
2013-04-17,32.44,32.44,31.756,31.911,2528470
2013-04-18,31.911,32.047,31.523,31.523,2619420
2013-04-19,31.752,31.95,31.446,31.551,1070940
2013-04-22,31.884,32.098,31.663,31.841,1128800
2013-04-23,31.904,32.206,31.679,32.128,2762630
2013-04-24,32.128,32.47,31.601,32.047,2029980
2013-04-25,32.144,32.338,31.923,32.272,1923280
2013-04-26,32.296,33.069,32.149,32.921,2238420
2013-04-29,33.208,33.543,33.019,33.425,1787470
2013-04-30,33.698,33.822,33.123,33.814,2639790
2013-05-02,33.814,34.746,33.65,34.361,2530050
2013-05-06,34.345,34.924,33.988,34.924,3659110
2013-05-07,34.862,34.94,34.641,34.785,1697810
2013-05-08,34.776,35.273,34.629,35.018,1953150
2013-05-09,34.94,35.231,34.473,34.901,2590000
2013-05-10,34.629,34.862,34.389,34.785,880520
2013-05-13,34.633,34.862,34.473,34.785,1959370
2013-05-14,34.785,34.853,34.327,34.342,3093180
2013-05-15,34.901,34.901,33.778,34.222,3881780
2013-05-16,34.163,34.163,33.65,33.659,2874120
2013-05-17,33.581,33.76,33.55,33.682,3065680
2013-05-20,33.725,34.288,33.588,33.588,948450
2013-05-21,33.814,34.256,33.43,34.201,1981870
2013-05-22,34.279,34.455,34.007,34.007,1799880
2013-05-23,34.24,35.327,33.787,33.86,3935440
2013-05-24,34.201,34.318,34.085,34.272,983720
2013-05-27,34.551,34.785,34.284,34.785,1598780
2013-05-28,34.769,35.227,34.707,34.78,1295570
2013-05-29,34.629,34.924,34.551,34.707,4172920
2013-05-31,34.575,35.716,34.575,35.716,5258680
2013-06-03,35.623,35.639,34.958,35.095,2718990
2013-06-04,34.94,35.095,34.252,34.357,3153700
2013-06-05,34.357,34.47,33.934,34.256,2751180
2013-06-06,34.334,34.47,34.124,34.124,1804990
2013-06-07,34.171,34.473,34.171,34.279,2280960
2013-06-10,34.466,34.528,33.488,33.488,1888220
2013-06-11,33.659,33.728,33.087,33.62,2916240
2013-06-12,33.604,34.144,33.445,34.085,2449190
2013-06-13,33.698,34.368,33.686,34.085,2274420
2013-06-14,34.311,34.539,33.853,33.853,1944200
2013-06-17,33.934,34.368,33.666,34.035,1547170
2013-06-18,34.256,34.315,33.787,33.86,1385140
2013-06-19,34.085,34.315,33.698,33.698,1690170
2013-06-20,33.611,33.698,31.989,31.989,3780760
2013-06-21,32.261,32.61,31.143,31.289,9781650
2013-06-24,31.289,31.438,31.111,31.282,3161140
2013-06-25,31.438,32.416,31.282,31.756,2272930
2013-06-26,31.289,32.524,30.825,31.989,3052790
2013-06-27,32.067,32.416,30.359,30.98,4458090
2013-06-28,31.135,31.822,30.53,31.811,5299730
2013-07-01,32.144,32.144,31.383,31.469,2051070
2013-07-02,31.601,32.61,31.523,32.61,2738520
2013-07-03,32.028,32.92,31.834,32.914,3892950
2013-07-04,32.909,33.62,32.734,33.581,3811190
2013-07-05,33.698,33.698,32.688,33.15,1930610
2013-07-08,33.698,33.698,32.61,32.61,1251480
2013-07-09,32.765,33.041,32.222,32.397,2352520
2013-07-10,32.443,32.843,32.3,32.649,2322430
2013-07-11,33.153,33.538,33.084,33.425,1255430
2013-07-12,33.527,34.085,33.386,33.876,2647640
2013-07-15,33.853,33.853,33.499,33.659,1025760
2013-07-16,33.682,33.837,33.476,33.62,2718880
2013-07-17,33.666,33.962,33.503,33.848,2044520
2013-07-18,33.857,33.969,32.998,33.153,2782550
2013-07-19,33.076,33.818,33.01,33.62,1293850
2013-07-22,33.737,34.613,33.705,34.473,1789270
2013-07-23,34.551,34.979,34.462,34.931,1014890
2013-07-24,35.079,35.079,34.411,34.862,898780
2013-07-25,34.567,34.94,34.434,34.94,867980
2013-07-26,34.764,34.99,34.633,34.892,1274950
2013-07-29,34.892,35.087,34.334,34.334,1064540
2013-07-30,34.4,34.629,34.327,34.629,650060
2013-07-31,34.396,35.405,34.396,35.219,2919920
2013-08-01,35.327,35.7,35.25,35.638,1889560
2013-08-02,35.638,36.399,35.455,36.174,3153070
2013-08-05,36.182,36.337,35.482,35.716,1170970
2013-08-06,35.724,35.871,34.967,35.096,1989310
2013-08-07,35.056,35.316,34.862,35.095,1173440
2013-08-08,35.25,35.852,35.029,35.11,1056800
2013-08-09,35.25,35.432,34.952,35.096,905310
2013-08-12,34.979,36.104,34.979,36.104,1220440
2013-08-13,36.105,36.489,35.728,35.794,1255230
2013-08-14,35.728,36.252,35.494,35.576,2278650
2013-08-16,35.638,36.368,35.56,36.096,1344140
2013-08-19,36.096,36.337,36.027,36.105,926340
2013-08-20,36.105,36.105,35.653,35.716,2682590
2013-08-21,36.355,36.837,35.609,36.521,3776380
2013-08-22,36.521,37.305,36.48,36.77,2066740
2013-08-23,37.019,37.317,36.521,36.521,4533860
2013-08-26,36.936,37.305,36.936,37.06,1162830
2013-08-27,37.352,37.65,36.454,36.529,2925520
2013-08-28,36.529,36.529,35.857,35.857,1560860
2013-08-29,36.438,36.604,35.944,36.587,1058450
2013-08-30,36.7,36.728,36.11,36.351,1799860
2013-09-02,36.687,36.687,35.956,36.047,809120
2013-09-03,36.057,36.057,35.275,35.483,1914350
2013-09-04,35.691,35.732,33.616,34.213,3485570
2013-09-05,34.205,34.213,31.957,31.957,9189380
2013-09-06,32.205,33.525,32.081,33.192,5079010
2013-09-09,33.45,34.43,33.217,34.114,2748710
2013-09-10,34.695,35.517,34.654,35.442,4424180
2013-09-11,35.525,35.591,34.861,35.525,3541860
2013-09-12,35.525,35.683,35.231,35.359,1174750
2013-09-13,35.275,35.609,35.036,35.052,1091910
2013-09-16,35.525,35.857,34.861,34.861,1447950
2013-09-17,34.827,35.413,34.827,35.413,1804630
2013-09-18,35.193,35.517,34.953,35.505,1415940
2013-09-19,35.966,36.712,35.966,36.438,2864810
2013-09-20,36.517,36.671,36.276,36.529,3280000
2013-09-23,36.521,36.703,35.815,35.815,1627670
2013-09-24,36.255,36.687,35.815,36.376,2085490
2013-09-25,36.189,36.385,36.032,36.376,1541270
2013-09-26,36.123,36.48,36.123,36.355,1341600
2013-09-27,36.193,36.438,35.824,35.849,1141220
2013-09-30,35.691,35.762,35.027,35.201,1919660
2013-10-01,35.076,35.695,35.069,35.695,1522720
2013-10-02,35.757,35.757,35.081,35.525,1263640
2013-10-03,35.359,35.849,35.359,35.732,920500
2013-10-04,35.537,35.894,35.152,35.293,1751020
2013-10-07,35.176,35.176,34.67,34.77,1938250
2013-10-08,34.869,35.164,34.363,34.363,2253700
2013-10-09,34.62,34.761,34.218,34.322,2717570
2013-10-10,34.608,36.521,34.529,36.521,6141990
2013-10-11,36.521,36.82,35.94,35.94,3498890
2013-10-14,35.94,36.563,35.787,36.563,938790
2013-10-15,36.563,37.185,36.198,36.454,4860140
2013-10-16,36.454,37.31,36.454,37.102,1991810
2013-10-17,37.019,37.102,36.355,36.355,2589120
2013-10-18,36.446,36.77,36.288,36.77,2092200
2013-10-21,36.936,38.251,36.782,38.251,2774120
2013-10-22,38.165,38.251,37.766,38.015,1300880
2013-10-23,37.359,38.306,37.201,38.223,1746670
2013-10-24,38.264,38.679,38.264,38.679,1745840
2013-10-25,38.513,39.09,38.513,38.845,3646560
2013-10-28,38.887,39.314,38.887,39.011,859440
2013-10-29,39.011,39.426,39.011,39.343,1326470
2013-10-30,39.401,39.426,38.887,38.887,2242290
2013-10-31,38.912,39.14,38.762,38.912,1237900
2013-11-04,39.011,39.09,38.766,39.048,1426260
2013-11-05,39.095,39.261,38.766,38.845,1150150
2013-11-06,39.095,39.734,38.845,39.667,3216730
2013-11-07,39.805,40.446,38.992,40.152,3150300
2013-11-08,39.607,39.736,39.069,39.329,1901790
2013-11-12,39.545,39.545,38.904,38.982,4963900
2013-11-13,38.887,38.982,38.549,38.982,2760600
2013-11-14,39.242,39.762,38.87,38.87,1786060
2013-11-15,39.069,39.831,39.026,39.299,902730
2013-11-18,39.32,41.192,39.32,41.192,2346410
2013-11-19,41.062,41.317,40.546,40.629,3755570
2013-11-20,40.542,41.036,40.399,40.629,1544030
2013-11-21,40.42,40.707,40.126,40.455,1468770
2013-11-22,40.71,40.754,40.238,40.577,1330360
2013-11-25,40.715,41.062,40.282,40.585,2987820
2013-11-26,40.3,40.671,39.948,40.368,1461350
2013-11-27,40.494,40.542,40.022,40.542,951100
2013-11-28,40.49,40.542,40.108,40.542,847730
2013-11-29,40.455,40.715,40.295,40.715,1047160
2013-12-02,40.325,40.801,40.022,40.022,1035970
2013-12-03,40.282,40.325,39.415,39.415,2613980
2013-12-04,39.415,39.901,39.355,39.684,1969930
2013-12-05,39.805,40.108,39.415,39.415,1806020
2013-12-06,39.558,39.849,39,39.316,1616300
2013-12-09,39.49,39.762,39.381,39.762,1108840
2013-12-10,39.164,40.282,39.164,40.282,2358060
2013-12-11,39.849,40.707,39.831,40.629,2137390
2013-12-12,40.108,40.196,39.121,39.294,1822140
2013-12-13,39.55,40.022,39.078,39.49,1978380
2013-12-16,39.571,39.935,39.242,39.935,1690110
2013-12-17,39.849,39.875,38.818,38.974,1764610
2013-12-18,38.987,39.242,37.956,38.645,2809700
2013-12-19,38.982,39.199,37.423,38.051,2597840
2013-12-20,38.025,39.338,37.77,39.338,5280330
2013-12-23,39.415,40.017,39.182,39.182,947810
2013-12-27,39.762,39.762,38.749,39.286,1195310
2013-12-30,39.286,39.286,38.766,38.891,666890
2014-01-02,39.623,39.749,39.164,39.581,599170
2014-01-03,39.156,39.477,38.831,38.94,731730
2014-01-07,39.026,39.026,38.121,38.203,2162880
2014-01-08,38.203,38.593,37.77,38.454,2359640
2014-01-09,38.203,38.774,37.51,37.51,2236620
2014-01-10,37.51,37.679,36.691,36.903,2285850
2014-01-13,37.38,37.874,37.033,37.337,2212150
2014-01-14,37.254,37.562,37.077,37.241,2272900
2014-01-15,37.467,37.856,37.25,37.38,2787260
2014-01-16,37.467,38.307,37.267,38.09,1929190
2014-01-17,38.073,38.073,37.094,37.094,3470140
2014-01-20,37.094,37.181,36.752,36.921,1127850
2014-01-21,37.003,37.852,36.903,37.57,2321600
2014-01-22,37.683,37.986,37.354,37.77,2123640
2014-01-23,37.726,37.726,37.116,37.25,4180330
2014-01-24,37.077,37.215,36.644,36.644,2175910
2014-01-27,36.384,37.12,35.886,36.154,2973360
2014-01-28,36.219,36.557,35.829,36.003,2893740
2014-01-29,36.193,36.687,35.518,35.829,2494820
2014-01-30,35.518,36.349,35.18,35.951,3687370
2014-01-31,35.951,36.102,35.534,35.734,5452460
2014-02-03,35.951,36.817,35.907,36.644,3104880
2014-02-04,36.297,36.8,36.045,36.647,2124650
2014-02-05,36.371,36.582,36.068,36.128,2062310
2014-02-06,36.379,37.683,36.262,37.683,3514590
2014-02-07,37.631,38.116,37.51,38.116,2807740
2014-02-10,37.856,38.203,37.622,38.051,1541240
2014-02-11,38.051,38.502,37.874,38.09,1919780
2014-02-12,38.289,38.744,38.116,38.723,1971400
2014-02-13,38.558,38.593,38.203,38.593,1086560
2014-02-14,38.679,38.766,38.168,38.429,1038930
2014-02-17,38.549,38.64,38.255,38.255,543090
2014-02-18,38.445,38.445,37.943,38.246,1779880
2014-02-19,38.203,38.224,37.514,37.978,1595230
2014-02-20,37.631,37.722,37.12,37.25,3043010
2014-02-21,37.423,37.848,37.272,37.272,1312850
2014-02-24,37.272,38.025,37.272,38.025,1458910
2014-02-25,38.056,38.082,37.259,37.337,1838170
2014-02-26,37.436,37.674,36.912,37.172,2830830
2014-02-27,37.25,37.415,36.7,37.072,1123040
2014-02-28,37.51,38.198,37.315,38.198,2175470
2014-03-03,36.826,37.683,36.574,36.579,3555980
2014-03-04,37.09,38.008,36.843,37.129,2922100
2014-03-05,37.501,37.77,36.908,37.172,2471200
2014-03-06,37.345,37.622,37.285,37.575,1288300
2014-03-07,37.575,37.596,37.038,37.12,834210
2014-03-10,37.137,37.393,36.903,37.033,1471710
2014-03-11,37.077,37.77,36.973,37.397,1432600
2014-03-12,37.025,37.241,35.565,36.414,6158060
2014-03-13,36.401,36.41,35.43,35.43,1887600
2014-03-14,35.171,35.951,35.067,35.951,2352860
2014-03-17,35.691,36.778,35.691,36.778,1043350
2014-03-18,36.722,37.068,35.959,36.123,2259980
2014-03-19,36.379,36.384,35.43,35.43,1563790
2014-03-20,35.362,36.037,35.271,35.829,1885770
2014-03-21,36.115,36.115,35.456,35.456,3613370
2014-03-24,35.907,35.907,35.352,35.474,780660
2014-03-25,35.518,36.037,35.518,35.838,1127570
2014-03-26,35.951,36.73,35.951,36.224,2535580
2014-03-27,36.371,36.817,36.211,36.366,1645800
2014-03-28,36.47,36.8,36.47,36.73,1732030
2014-03-31,36.817,37.207,36.817,37.207,1831600
2014-04-01,37.233,37.51,37.012,37.51,1010350
2014-04-02,37.553,37.596,37.254,37.337,1577610
2014-04-03,37.505,37.64,36.86,37.12,1579760
2014-04-04,37.111,37.622,36.908,37.51,866320
2014-04-07,37.129,37.553,37.085,37.25,1218490
2014-04-08,37.441,37.488,36.847,37.12,1968910
2014-04-09,37.25,37.285,36.912,36.981,1497780
2014-04-10,37.224,37.402,36.96,37.103,1408020
2014-04-11,36.813,37.064,36.557,36.99,1647350
2014-04-14,36.817,36.903,36.522,36.774,1050640
2014-04-15,36.608,36.899,36.037,36.037,1830940
2014-04-16,36.557,36.557,35.916,35.92,846960
2014-04-17,36.34,37.211,36.297,37.211,1922530
2014-04-22,37.202,37.64,37.163,37.64,826770
2014-04-23,37.666,37.666,37.09,37.302,1007850
2014-04-24,37.302,37.553,37.033,37.077,746750
2014-04-25,36.903,37.246,36.826,37.103,1225460
2014-04-28,37.233,37.402,36.947,37.367,1000170
2014-04-29,37.423,37.848,37.389,37.848,1798760
2014-04-30,37.887,37.887,37.181,37.181,1400270
2014-05-02,37.181,37.181,36.644,36.908,778960
2014-05-05,36.921,37.146,36.921,37.077,356630
2014-05-06,37.077,37.536,37.007,37.103,919830
2014-05-07,37.077,37.233,36.843,37.163,1246920
2014-05-08,37.454,37.497,36.696,37.077,1567540
2014-05-09,37.077,37.224,36.852,36.89,963890
2014-05-12,37.055,37.207,36.795,37.207,931000
2014-05-13,37.25,37.332,36.644,36.644,2413450
2014-05-14,37.15,37.588,36.86,37.536,3014680
2014-05-15,37.536,37.796,37.124,37.493,2191120
2014-05-16,37.501,38.025,37.172,38.025,1544350
2014-05-19,38.004,38.103,37.475,37.77,1842840
2014-05-20,37.856,38.021,37.614,37.96,2616400
2014-05-21,37.986,38.012,37.7,37.856,910880
2014-05-22,38.021,38.982,37.956,38.809,3857430
2014-05-23,38.982,39.138,38.489,38.627,1654770
2014-05-26,38.809,39.065,38.619,38.766,793350
2014-05-27,38.658,38.966,38.567,38.896,1482150
2014-05-28,38.809,39.026,38.571,38.636,884270
2014-05-29,38.528,38.974,38.224,38.974,1090320
2014-05-30,38.809,38.974,38.636,38.671,2407890
2014-06-02,38.809,38.982,38.48,38.982,1434060
2014-06-03,38.979,39.372,38.731,39.008,2026740
2014-06-04,38.852,38.992,38.359,38.966,1391380
2014-06-05,39.151,39.216,38.658,39.069,1633860
2014-06-06,39.177,39.996,39.069,39.996,2993480
2014-06-09,39.831,39.935,39.329,39.329,1393370
2014-06-10,39.42,39.944,39.342,39.727,2383730
2014-06-11,39.633,39.849,39.186,39.415,2462840
2014-06-12,39.156,40.043,39.156,40.043,1705700
2014-06-13,39.979,40.043,39.355,39.662,933100
2014-06-16,39.329,39.402,38.749,39.026,4012870
2014-06-17,39.086,39.589,39.026,39.208,1457630
2014-06-18,39.29,39.49,39.242,39.329,2145550
2014-06-20,39.493,39.493,38.953,38.953,3161590
2014-06-23,38.982,39.493,38.887,39.493,2662610
2014-06-24,39.493,39.654,39.19,39.242,995090
2014-06-25,39.329,39.329,38.385,38.463,3047620
2014-06-26,38.922,38.922,37.735,37.735,2104580
2014-06-27,37.778,38.584,37.735,38.549,1649510
2014-06-30,38.376,38.497,37.973,38.441,2039430
2014-07-01,38.099,38.289,37.856,37.856,1524950
2014-07-02,37.934,38.159,37.683,37.683,1639100
2014-07-03,37.77,38.099,37.614,37.674,1151840
2014-07-04,37.683,37.757,37.298,37.298,1461360
2014-07-07,37.423,37.527,37.207,37.207,1618900
2014-07-08,37.419,37.441,37.12,37.155,1708870
2014-07-09,37.155,37.337,37.155,37.293,1031270
2014-07-10,37.293,37.363,36.687,37.337,2743480
2014-07-11,37.332,37.501,37.094,37.354,5636110
2014-07-14,37.475,37.64,37.267,37.285,1013750
2014-07-15,37.467,37.891,37.293,37.813,1906220
2014-07-16,37.856,38.289,37.826,38.043,2117770
2014-07-17,38.116,38.185,37.726,38.108,973290
2014-07-18,37.778,38.099,37.778,37.9,961760
2014-07-21,38.099,38.099,37.531,37.9,1255750
2014-07-22,37.865,38.549,37.696,38.549,1174960
2014-07-23,38.549,38.549,38.25,38.532,928510
2014-07-24,38.506,39.018,38.376,39.018,1050470
2014-07-25,38.774,39.147,38.774,39.147,815280
2014-07-28,39.147,39.325,38.982,39.199,995850
2014-07-29,39.073,39.247,38.818,39.026,1390660
2014-07-30,38.809,39.026,38.116,38.116,1757720
2014-07-31,38.376,38.723,38.038,38.116,1985860
2014-08-01,38.116,38.463,37.83,38.289,2745510
2014-08-04,38.463,38.896,38.463,38.723,2437770
2014-08-05,38.848,38.953,38.636,38.844,1986100
2014-08-06,38.792,38.987,38.71,38.844,1604810
2014-08-07,38.878,38.896,38.385,38.671,1599030
2014-08-08,38.471,38.632,38.324,38.419,1587630
2014-08-11,38.705,39.164,38.463,39.164,2486110
2014-08-12,38.948,39.503,38.948,39.503,1665860
2014-08-13,39.675,40.061,39.581,39.935,2033750
2014-08-14,39.935,40.196,39.849,40.196,1304500
2014-08-18,40.178,41.14,40.043,40.975,1954830
2014-08-19,40.975,40.975,40.455,40.629,1943430
2014-08-20,40.542,40.992,40.542,40.715,1486310
2014-08-21,40.642,41.036,40.642,40.931,942840
2014-08-22,40.931,40.962,40.754,40.759,947220
2014-08-25,40.975,40.996,40.853,40.853,540150
2014-08-26,40.845,41.096,40.806,40.975,1325930
2014-08-27,41.148,41.452,40.863,41.118,2442350
2014-08-28,40.931,41.304,40.325,40.871,1850340
2014-08-29,40.72,40.884,40.542,40.629,2568090
2014-09-01,40.746,41.395,40.746,41.062,1241700
2014-09-02,41.231,41.581,41.231,41.577,1526990
2014-09-03,41.408,42.747,41.408,42.747,3343240
2014-09-04,42.725,43.223,42.361,42.941,2025650
2014-09-05,42.967,43.054,42.555,42.708,1355720
2014-09-08,42.708,43.435,42.708,43.227,1708830
2014-09-09,43.227,43.73,43.128,43.401,2728630
2014-09-10,43.184,43.704,43.149,43.704,3579160
2014-09-11,43.578,43.834,43.314,43.478,1854270
2014-09-12,43.738,43.903,43.574,43.574,2486870
2014-09-15,43.797,43.945,43.309,43.945,2375390
2014-09-16,43.945,43.987,43.499,43.578,1884050
2014-09-17,43.89,43.89,43.574,43.727,2220490
2014-09-18,43.574,43.63,42.756,42.756,2182970
2014-09-19,42.84,44.219,42.84,44.219,4425940
2014-09-22,43.955,44.549,43.955,44.224,1288840
2014-09-23,44.224,44.707,43.653,43.76,1668190
2014-09-24,43.871,44.363,43.852,43.908,1060170
2014-09-25,44.131,45.516,44.038,44.967,3387750
2014-09-26,44.967,45.232,44.484,45.032,1809310
2014-09-29,45.06,45.618,44.145,44.41,1741970
2014-09-30,44.782,45.125,44.252,44.735,2256840
2014-10-01,44.782,44.963,43.249,43.249,1253150
2014-10-02,43.295,43.718,42.826,42.826,1212290
2014-10-03,43.221,43.815,43.193,43.671,813650
2014-10-06,44.038,44.717,43.89,43.89,801690
2014-10-07,43.945,44.252,43.314,43.829,861250
2014-10-08,43.574,44.099,43.434,43.481,1819920
2014-10-09,43.852,44.224,43.769,43.992,1765460
2014-10-10,43.667,44.382,43.537,44.14,1914610
2014-10-13,43.89,44.837,43.89,44.447,2015580
2014-10-14,44.415,44.712,44.131,44.206,1682590
2014-10-15,44.456,44.861,44.001,44.066,2603990
2014-10-16,44.336,44.577,43.407,43.676,4213780
2014-10-17,43.76,44.456,43.755,43.992,2609970
2014-10-20,44.085,44.577,43.992,44.317,1465710
2014-10-21,43.983,45.139,43.983,45.139,1102850
2014-10-22,45.237,45.804,45.014,45.804,1243750
2014-10-23,45.525,45.943,45.525,45.873,1139440
2014-10-24,45.869,45.975,44.977,45.13,837390
2014-10-27,45.525,45.859,45.293,45.859,761290
2014-10-28,45.869,46.686,45.757,46.686,1559630
2014-10-29,46.686,46.886,46.31,46.64,3333210
2014-10-30,46.449,46.64,46.092,46.389,3024330
2014-10-31,46.686,46.918,46.505,46.918,1351280
2014-11-03,46.993,47.346,46.788,47.29,926120
2014-11-04,47.011,47.755,47.011,47.476,1382700
2014-11-05,47.383,47.476,45.293,45.339,3299600
2014-11-06,45.618,45.618,44.884,45.516,2672980
2014-11-07,45.525,45.896,45.274,45.432,1102310
2014-11-10,45.641,45.757,45.246,45.622,848910
2014-11-12,45.794,45.938,45.032,45.223,1303430
2014-11-13,44.874,45.153,43.388,43.945,6376740
2014-11-14,43.945,44.187,43.295,44.113,1740650
2014-11-17,44.034,44.605,43.834,44.317,1222140
2014-11-18,44.503,44.675,43.931,44.271,1126560
2014-11-19,44.326,44.461,43.95,44.312,623460
2014-11-20,44.131,44.503,44.131,44.503,1143460
2014-11-21,44.596,44.921,44.34,44.396,670540
2014-11-24,44.438,44.721,43.88,43.908,742820
2014-11-25,43.973,44.531,43.969,43.973,1252890
2014-11-26,44.405,44.577,44.243,44.461,968300
2014-11-27,44.461,44.735,44.34,44.577,712910
2014-11-28,44.819,44.819,44.336,44.596,813380
2014-12-01,44.336,44.568,44.131,44.182,936840
2014-12-02,44.038,44.721,43.992,44.721,1298290
2014-12-03,44.689,44.689,44.28,44.503,1932860
2014-12-04,44.512,44.596,43.695,43.695,836930
2014-12-05,43.894,44.503,43.871,44.503,1729710
2014-12-08,44.503,44.661,44.224,44.535,1042690
2014-12-09,44.322,44.512,44.252,44.363,4448080
2014-12-10,44.382,44.624,43.992,43.992,1843680
2014-12-11,44.15,44.596,44.15,44.224,1683030
2014-12-12,44.275,44.665,44.261,44.261,1680680
2014-12-15,44.308,44.507,43.992,44.038,1539200
2014-12-16,44.206,44.489,43.29,43.667,3192220
2014-12-17,43.671,43.852,43.137,43.221,1975000
2014-12-18,43.527,44.108,43.527,44.108,1852350
2014-12-19,44.127,44.224,43.76,44.206,3136510
2014-12-22,44.206,44.744,44.201,44.744,1413830
2014-12-23,44.271,45.093,44.271,44.782,1429140
2014-12-29,44.967,45.13,44.837,45.046,1590570
2014-12-30,45.06,45.153,44.6,45.153,1129630
2015-01-02,45.149,45.149,44.693,44.782,527350
2015-01-05,44.693,44.717,43.945,43.945,1039060
2015-01-07,44.229,45.288,43.597,44.874,2577760
2015-01-08,44.986,45.232,44.74,45.153,1402690
2015-01-09,44.995,45.464,44.614,44.782,849390
2015-01-12,44.874,45.246,44.503,44.503,992130
2015-01-13,44.224,45.399,44.224,45.339,1314760
2015-01-14,45.311,45.488,44.972,45.427,1177990
2015-01-15,45.432,45.79,44.689,44.689,2611090
2015-01-16,44.354,45.107,44.178,44.415,1230900
2015-01-19,44.554,44.8,44.131,44.317,1091260
2015-01-20,44.41,44.549,43.787,44.057,1014880
2015-01-21,44.038,45.107,44.038,45.107,1350860
2015-01-22,45.107,46.454,44.898,46.454,1142900
2015-01-23,46.361,47.258,46.291,47.258,1566200
2015-01-26,46.635,47.039,46.5,46.826,720880
2015-01-27,46.733,47.062,45.91,46.342,1868950
2015-01-28,46.37,46.644,45.725,45.985,1427830
2015-01-29,45.985,47.03,45.817,47.03,2218510
2015-01-30,46.677,47.169,46.677,46.877,1989460
2015-02-02,46.737,47.007,45.924,46.472,2066620
2015-02-03,46.319,46.5,45.971,46.5,1271000
2015-02-04,46.459,46.7,46.273,46.565,3969030
2015-02-05,46.486,46.714,46.194,46.361,1853810
2015-02-06,46.565,46.598,45.869,46.175,1437620
2015-02-09,46.175,46.245,45.618,45.711,1463520
2015-02-10,45.711,45.971,45.655,45.711,1342510
2015-02-11,45.739,46.175,45.534,45.646,1357310
2015-02-12,46.421,46.714,45.989,46.714,1427480
2015-02-13,46.482,46.9,46.375,46.57,1121270
2015-02-16,46.454,46.918,46.454,46.547,560420
2015-02-17,46.547,46.881,46.315,46.454,621490
2015-02-18,46.723,46.733,45.961,45.989,813940
2015-02-19,46.04,46.352,45.669,46.11,661370
2015-02-20,46.194,46.194,45.822,45.887,350720
2015-02-23,46.045,46.296,45.91,46.296,497450
2015-02-24,46.078,46.407,45.646,46.129,1004380
2015-02-25,46.129,46.361,45.418,45.478,1078270
2015-02-26,45.441,45.757,45.255,45.497,1123720
2015-02-27,45.525,45.636,45.246,45.404,1073510
2015-03-02,45.404,45.613,45.246,45.246,853670
2015-03-03,45.2,45.706,44.596,44.596,1125320
2015-03-04,44.614,45.079,44.192,44.596,1851350
2015-03-05,44.549,44.689,43.964,44.131,2300360
2015-03-06,44.229,44.401,43.778,43.778,1444950
2015-03-09,43.778,44.545,43.774,44.178,843690
2015-03-10,44.187,44.285,43.341,43.341,1651360
2015-03-11,43.611,44.02,43.221,43.574,2459020
2015-03-12,43.76,43.806,43.202,43.202,2551160
2015-03-13,43.481,43.481,42.984,43.123,1925050
2015-03-16,43.128,44.024,43.128,43.574,1256920
2015-03-17,43.62,44.758,43.546,44.41,2725410
2015-03-18,44.484,44.828,43.825,44.28,1612370
2015-03-19,44.503,44.874,44.317,44.507,1680280
2015-03-20,44.596,45.339,44.419,44.874,4266780
2015-03-23,44.874,45.432,44.782,45.399,1407620
2015-03-24,45.084,45.804,44.995,45.804,1249730
2015-03-25,45.817,45.836,44.995,45.228,1536170
2015-03-26,45.107,45.413,44.884,45.246,928480
2015-03-27,45.246,45.822,45.07,45.07,1320160
2015-03-30,45.516,45.757,44.907,45.204,1481930
2015-03-31,45.028,45.618,45.028,45.432,1574430
2015-04-01,45.432,45.804,45.432,45.804,1284740
2015-04-02,45.878,45.975,45.711,45.975,569370
2015-04-07,45.989,46.259,45.841,46.082,1526320
2015-04-08,46.217,46.342,46.082,46.175,1669570
2015-04-09,46.263,46.565,46.217,46.361,1610030
2015-04-10,46.426,46.612,45.859,46.073,1188500
2015-04-13,46.175,46.347,45.827,46.198,869400
2015-04-14,46.324,46.324,45.855,45.989,802870
2015-04-15,45.901,46.649,45.901,46.361,1666700
2015-04-16,46.542,46.909,46.398,46.589,1192700
2015-04-17,46.733,46.733,45.186,45.186,1905080
2015-04-20,45.246,45.878,45.246,45.432,1450560
2015-04-21,45.896,46.11,45.464,45.464,1199960
2015-04-22,45.706,45.752,45.06,45.283,1248600
2015-04-23,45.804,45.804,44.986,45.228,1600050
2015-04-24,45.228,45.33,43.202,44.131,8103590
2015-04-27,44.563,45.06,44.368,44.935,1750780
2015-04-28,44.93,45.028,44.103,44.387,1215250
2015-04-29,44.456,44.573,43.852,43.852,1693400
2015-04-30,44.015,44.549,43.662,43.662,2213800
2015-05-04,43.667,44.633,43.667,44.285,1148730
2015-05-05,44.271,44.596,43.518,43.667,1967330
2015-05-06,43.551,44.178,43.267,43.76,3071700
2015-05-07,43.852,43.852,43.249,43.76,2058440
2015-05-08,43.936,44.744,43.88,44.317,2238150
2015-05-11,44.503,44.633,44.271,44.317,733810
2015-05-12,44.317,44.582,43.82,43.945,1529210
2015-05-13,44.503,44.921,44.317,44.735,1997120
2015-05-14,45.028,45.051,44.238,44.238,1066200
2015-05-15,44.317,44.503,43.574,43.657,1491920
2015-05-18,43.945,43.945,43.314,43.411,1870320
2015-05-19,43.662,43.992,43.351,43.351,2523100
2015-05-20,43.481,43.481,42.775,42.83,3852550
2015-05-21,42.747,43.109,42.552,42.923,2194440
2015-05-22,43.016,43.211,42.923,43.188,2141030
2015-05-25,43.063,43.063,42.05,42.459,1489070
2015-05-26,42.556,42.747,42.004,42.004,1702120
2015-05-27,42.264,42.324,41.344,41.53,3120240
2015-05-28,41.669,41.841,41.451,41.53,2805540
2015-05-29,41.641,42.292,41.572,41.623,3224190
2015-06-01,41.809,41.994,40.489,40.489,3488910
2015-06-02,40.759,40.824,39.89,40.136,5149470
2015-06-03,40.183,40.285,39.792,39.95,3875510
2015-06-05,40.136,40.215,39.765,39.765,2692780
2015-06-08,39.718,40.015,39.709,39.755,3040200
2015-06-09,39.848,40.457,39.83,39.95,3383190
2015-06-10,40.127,40.545,40.127,40.41,3112290
2015-06-11,40.675,40.768,40.415,40.508,3099760
2015-06-12,40.499,40.601,40.229,40.322,1219750
2015-06-15,40.322,40.489,40.099,40.489,1104580
2015-06-16,40.471,40.633,40.276,40.443,1230400
2015-06-17,40.508,40.982,40.35,40.35,2602330
2015-06-18,40.336,40.415,39.504,40.155,2003990
2015-06-19,40.201,40.248,39.486,39.486,3333790
2015-06-22,39.727,40.415,39.718,40.243,1054270
2015-06-23,40.424,40.852,40.183,40.42,1607670
2015-06-24,40.503,40.879,40.345,40.675,1689840
2015-06-25,40.879,41.897,40.796,41.567,3763130
2015-06-26,41.576,41.674,41.107,41.2,993350
2015-06-29,40.406,40.489,39.718,40.001,2559450
2015-06-30,40.229,40.787,39.82,40.197,1975860
2015-07-01,40.457,40.865,40.313,40.313,1845560
2015-07-02,40.536,41.056,40.415,40.972,1424790
2015-07-03,40.726,41.065,40.633,40.847,838730
2015-07-06,40.54,41.065,40.368,40.889,1268630
2015-07-07,40.694,40.963,40.136,40.159,1540300
2015-07-08,40.136,40.512,39.95,40.262,1344770
2015-07-09,40.754,40.782,40.238,40.545,1160880
2015-07-10,40.782,41.855,40.601,41.809,1006490
2015-07-13,42.115,42.738,41.725,41.92,1107460
2015-07-14,41.994,42.031,40.889,41.191,1336860
2015-07-15,41.019,41.358,40.559,40.787,890590
2015-07-16,41.051,41.353,40.828,41.279,2289750
2015-07-17,41.321,41.367,41.019,41.047,891520
2015-07-20,41.065,41.093,40.053,40.053,1670610
2015-07-21,40.229,40.415,39.723,40.313,1487780
2015-07-22,40.303,40.303,38.013,38.013,3978690
2015-07-23,38.204,39.686,37.683,39.226,2715480
2015-07-24,39.207,39.486,38.608,38.743,1946350
2015-07-27,38.756,38.947,38.013,38.013,1990300
2015-07-28,38.324,38.817,37.976,38.817,3249930
2015-07-29,38.891,39.946,38.51,39.569,2067630
2015-07-30,39.625,39.704,38.608,38.743,1793430
2015-07-31,38.928,40.094,38.654,40.094,3495130
2015-08-03,39.95,40.173,39.486,39.662,1218190
2015-08-04,39.662,40.085,39.495,40.085,1444110
2015-08-05,40.09,40.861,40.043,40.861,2138220
2015-08-06,40.787,40.833,39.393,40.322,3320440
2015-08-07,40.136,41.186,39.969,40.661,2247870
2015-08-10,40.926,41.237,40.169,40.656,1374710
2015-08-11,40.601,41.102,40.396,40.791,2093750
2015-08-12,40.601,40.949,40.461,40.601,2938820
2015-08-13,40.787,41.455,40.61,41.455,1485730
2015-08-14,41.135,41.284,40.619,40.656,944560
2015-08-17,40.656,40.968,39.7,39.746,692620
2015-08-18,39.686,40.21,39.625,39.69,924100
2015-08-19,39.899,39.899,39.235,39.295,1779250
2015-08-20,39.393,39.616,38.696,38.975,1772370
2015-08-21,38.696,38.924,38.352,38.696,1511840
2015-08-24,38.092,38.362,35.695,36.996,4439430
2015-08-25,36.949,38.557,36.796,37.656,3672260
2015-08-26,36.977,38.041,36.884,37.535,2432920
2015-08-27,38.092,39.1,38.036,39.003,2243250
2015-08-28,39.198,39.922,38.752,39.922,2570070
2015-08-31,39.765,40.025,39.23,40.025,2548960
2015-09-01,39.579,39.676,39.147,39.676,2173600
2015-09-02,39.625,39.676,39.351,39.486,1278580
2015-09-03,39.737,40.768,39.672,40.656,2562120
2015-09-04,40.461,40.508,39.955,40.062,2162920
2015-09-07,40.601,40.601,39.95,39.95,1131140
2015-09-08,40.09,40.331,39.876,40.053,1250350
2015-09-09,40.48,40.601,39.997,40.136,2836450
2015-09-10,40.02,40.624,39.997,40.624,1227810
2015-09-11,40.624,41.023,40.364,40.694,770530
2015-09-14,40.633,41.051,40.582,40.879,723650
2015-09-15,40.694,41.158,40.656,40.879,1318110
2015-09-16,40.889,41.005,39.913,40.034,2597020
2015-09-17,40.229,41.428,39.788,41.423,3426640
2015-09-18,41.251,41.39,40.424,40.508,4034370
2015-09-21,40.689,40.782,40.141,40.712,1792450
2015-09-22,40.731,41.158,40.629,41.126,2348070
2015-09-23,40.879,41.223,40.42,40.42,3406150
2015-09-24,40.461,40.587,39.416,39.416,4494740
2015-09-25,39.713,39.918,39.216,39.648,3602950
2015-09-28,39.802,39.899,39.254,39.3,2827180
2015-09-29,39.29,39.865,38.7,39.49,1628250
2015-09-30,39.665,39.665,38.73,38.97,2899550
2015-10-01,39.3,39.3,37.755,37.915,3849330
2015-10-02,38.12,38.99,38.005,38.25,2649900
2015-10-05,38.5,39.295,38.1,38.675,2115180
2015-10-06,38.8,39.67,38.675,39.22,2110160
2015-10-07,39.395,39.4,38.2,38.57,3400440
2015-10-08,38.47,39.79,38.32,39.675,4923820
2015-10-09,39.75,40.57,39.605,40.09,3802120
2015-10-12,40.135,40.15,38.84,39,1689710
2015-10-13,39.18,39.205,38.3,38.615,2141680
2015-10-14,38.23,38.79,37.815,38.4,2544410
2015-10-15,38.53,38.92,38.35,38.865,1937560
2015-10-16,38.995,39.33,38.695,38.695,1972580
2015-10-19,38.8,39,38.225,38.3,2035720
2015-10-20,38.295,38.48,37.925,38.245,1956240
2015-10-21,38.285,38.34,37.89,37.94,1217070
2015-10-22,37.985,37.985,37.335,37.5,1714100
2015-10-23,37.65,37.835,37.325,37.52,2151720
2015-10-26,37.24,37.9,37.11,37.85,1625670
2015-10-27,37.9,38.375,37.565,38.275,1345130
2015-10-28,38.04,38.285,37.945,38.285,1173420
2015-10-29,38.14,38.15,37.27,37.4,1015950
2015-10-30,37.4,37.78,37.18,37.575,1766860
2015-11-02,37.575,38.11,37.42,37.75,1020670
2015-11-03,37.79,37.98,37.505,37.65,1003030
2015-11-04,37.895,38.29,37.65,37.79,1237750
2015-11-05,37.9,38.17,37.79,37.79,717610
2015-11-06,37.81,38.07,37.6,37.79,2354860
2015-11-09,37.79,37.79,37.27,37.575,707790
2015-11-10,37.01,37.5,36.655,36.7,2161550
2015-11-12,37.05,37.58,37.05,37.305,3304940
2015-11-13,37.15,38.395,36.95,38.2,3226120
2015-11-16,38.19,38.575,38.1,38.4,2000340
2015-11-17,38.42,39.675,38.315,39.2,2417910
2015-11-18,39.06,39.5,38.73,39.42,896250
2015-11-19,39.8,39.96,39,39.35,1014640
2015-11-20,39.54,39.57,39.275,39.45,680350
2015-11-23,39.365,39.365,38.62,38.9,1157050
2015-11-24,38.9,38.9,37.655,38.18,1490640
2015-11-25,38.32,38.46,37.565,37.9,2152130
2015-11-26,37.99,38.48,37.61,38.35,1619400
2015-11-27,38.4,38.56,38.135,38.26,1186080
2015-11-30,38.4,38.95,37.7,38.6,1885477
2015-12-01,38.38,38.94,38.16,38.52,1327105
2015-12-02,38,38.38,37.78,38.22,4237596
2015-12-03,38.01,38.61,35.82,36.9,7028254
2015-12-04,36.29,36.45,34.43,35.64,5973764
2015-12-07,35.36,35.64,34.56,34.7,2099269
2015-12-08,34.4,34.79,33.1,33.8,3009628
2015-12-09,33.8,33.8,31.91,32.27,3563831
2015-12-10,32.1,33.4,31.85,32.77,2831965
2015-12-11,33.05,33.28,31.45,31.5,2428166
2015-12-14,31.63,32.42,30.9,31.43,1531687
2015-12-15,31.64,32.25,31.12,31.62,2310357
2015-12-16,31.8,32.34,31.42,32.32,1559613
2015-12-17,32.44,33.49,32.09,33.12,2251021
2015-12-18,32.95,33.99,32.82,33.88,6628690
2015-12-21,33.54,34.29,33.54,34.2,1445189
2015-12-22,34.25,35.35,34.09,34.65,3065986
2015-12-23,35,35,34.01,34.15,1687547
2015-12-28,34.12,34.17,33.44,33.65,1338804
2015-12-29,33.66,34.7,33.66,34.44,1490382
2015-12-30,34.44,34.56,34,34.02,1002871
2016-01-04,33.47,33.58,33.02,33.42,791452
2016-01-05,33.63,33.78,32.35,32.71,1627690
2016-01-07,31.73,32.72,31.72,32,2057918
2016-01-08,32.1,32.29,31.34,32.1,1698821
2016-01-11,32,32.42,31.24,31.71,2817330
2016-01-12,31.84,33,31.84,32.9,1771299
2016-01-13,33.3,33.46,32.65,32.9,2684980
2016-01-14,32.7,33.78,32.39,33.78,2314957
2016-01-15,33.4,33.69,33.1,33.1,2164127
2016-01-18,32,32.64,31.81,32,1934875
2016-01-19,32.3,32.93,32.1,32.1,2194720
2016-01-20,31.72,31.9,31.15,31.15,2222168
2016-01-21,31.2,31.63,30.21,30.7,1746129
2016-01-22,31,31.51,30.84,31.51,2294431
